--
-- PostgreSQL database dump
--

-- Dumped from database version 9.5.4
-- Dumped by pg_dump version 9.5.4

SET statement_timeout = 0;
SET lock_timeout = 0;
SET client_encoding = 'LATIN1';
SET standard_conforming_strings = on;
SET check_function_bodies = false;
SET client_min_messages = warning;
SET row_security = off;

--
-- Name: plpgsql; Type: EXTENSION; Schema: -; Owner: 
--

CREATE EXTENSION IF NOT EXISTS plpgsql WITH SCHEMA pg_catalog;


--
-- Name: EXTENSION plpgsql; Type: COMMENT; Schema: -; Owner: 
--

COMMENT ON EXTENSION plpgsql IS 'PL/pgSQL procedural language';


SET search_path = public, pg_catalog;

SET default_tablespace = '';

SET default_with_oids = false;

--
-- Name: categories; Type: TABLE; Schema: public; Owner: vagrant
--

CREATE TABLE categories (
    id integer NOT NULL,
    rest_id integer NOT NULL,
    categ1 character varying(64),
    categ2 character varying(64),
    categ3 character varying(64)
);


ALTER TABLE categories OWNER TO vagrant;

--
-- Name: categories_id_seq; Type: SEQUENCE; Schema: public; Owner: vagrant
--

CREATE SEQUENCE categories_id_seq
    START WITH 1
    INCREMENT BY 1
    NO MINVALUE
    NO MAXVALUE
    CACHE 1;


ALTER TABLE categories_id_seq OWNER TO vagrant;

--
-- Name: categories_id_seq; Type: SEQUENCE OWNED BY; Schema: public; Owner: vagrant
--

ALTER SEQUENCE categories_id_seq OWNED BY categories.id;


--
-- Name: restaurants; Type: TABLE; Schema: public; Owner: vagrant
--

CREATE TABLE restaurants (
    id integer NOT NULL,
    yelp_id character varying(64) NOT NULL,
    name character varying(64) NOT NULL,
    rating numeric,
    price integer,
    review_count integer
);


ALTER TABLE restaurants OWNER TO vagrant;

--
-- Name: restaurants_id_seq; Type: SEQUENCE; Schema: public; Owner: vagrant
--

CREATE SEQUENCE restaurants_id_seq
    START WITH 1
    INCREMENT BY 1
    NO MINVALUE
    NO MAXVALUE
    CACHE 1;


ALTER TABLE restaurants_id_seq OWNER TO vagrant;

--
-- Name: restaurants_id_seq; Type: SEQUENCE OWNED BY; Schema: public; Owner: vagrant
--

ALTER SEQUENCE restaurants_id_seq OWNED BY restaurants.id;


--
-- Name: users; Type: TABLE; Schema: public; Owner: vagrant
--

CREATE TABLE users (
    id integer NOT NULL,
    fname character varying(64) NOT NULL,
    lname character varying(64) NOT NULL,
    email character varying(64) NOT NULL,
    username character varying(64) NOT NULL,
    password character varying(64) NOT NULL,
    home_str character varying(64),
    home_cty character varying(64),
    home_sta character varying(20),
    home_zip character varying(15),
    work_str character varying(64),
    work_cty character varying(64),
    work_sta character varying(20),
    work_zip character varying(15),
    phone_num character varying(64)
);


ALTER TABLE users OWNER TO vagrant;

--
-- Name: users_id_seq; Type: SEQUENCE; Schema: public; Owner: vagrant
--

CREATE SEQUENCE users_id_seq
    START WITH 1
    INCREMENT BY 1
    NO MINVALUE
    NO MAXVALUE
    CACHE 1;


ALTER TABLE users_id_seq OWNER TO vagrant;

--
-- Name: users_id_seq; Type: SEQUENCE OWNED BY; Schema: public; Owner: vagrant
--

ALTER SEQUENCE users_id_seq OWNED BY users.id;


--
-- Name: uservisits; Type: TABLE; Schema: public; Owner: vagrant
--

CREATE TABLE uservisits (
    id integer NOT NULL,
    visit_id integer NOT NULL,
    user_id integer NOT NULL,
    rating numeric
);


ALTER TABLE uservisits OWNER TO vagrant;

--
-- Name: uservisits_id_seq; Type: SEQUENCE; Schema: public; Owner: vagrant
--

CREATE SEQUENCE uservisits_id_seq
    START WITH 1
    INCREMENT BY 1
    NO MINVALUE
    NO MAXVALUE
    CACHE 1;


ALTER TABLE uservisits_id_seq OWNER TO vagrant;

--
-- Name: uservisits_id_seq; Type: SEQUENCE OWNED BY; Schema: public; Owner: vagrant
--

ALTER SEQUENCE uservisits_id_seq OWNED BY uservisits.id;


--
-- Name: visits; Type: TABLE; Schema: public; Owner: vagrant
--

CREATE TABLE visits (
    id integer NOT NULL,
    rest_id integer NOT NULL,
    date timestamp without time zone
);


ALTER TABLE visits OWNER TO vagrant;

--
-- Name: visits_id_seq; Type: SEQUENCE; Schema: public; Owner: vagrant
--

CREATE SEQUENCE visits_id_seq
    START WITH 1
    INCREMENT BY 1
    NO MINVALUE
    NO MAXVALUE
    CACHE 1;


ALTER TABLE visits_id_seq OWNER TO vagrant;

--
-- Name: visits_id_seq; Type: SEQUENCE OWNED BY; Schema: public; Owner: vagrant
--

ALTER SEQUENCE visits_id_seq OWNED BY visits.id;


--
-- Name: id; Type: DEFAULT; Schema: public; Owner: vagrant
--

ALTER TABLE ONLY categories ALTER COLUMN id SET DEFAULT nextval('categories_id_seq'::regclass);


--
-- Name: id; Type: DEFAULT; Schema: public; Owner: vagrant
--

ALTER TABLE ONLY restaurants ALTER COLUMN id SET DEFAULT nextval('restaurants_id_seq'::regclass);


--
-- Name: id; Type: DEFAULT; Schema: public; Owner: vagrant
--

ALTER TABLE ONLY users ALTER COLUMN id SET DEFAULT nextval('users_id_seq'::regclass);


--
-- Name: id; Type: DEFAULT; Schema: public; Owner: vagrant
--

ALTER TABLE ONLY uservisits ALTER COLUMN id SET DEFAULT nextval('uservisits_id_seq'::regclass);


--
-- Name: id; Type: DEFAULT; Schema: public; Owner: vagrant
--

ALTER TABLE ONLY visits ALTER COLUMN id SET DEFAULT nextval('visits_id_seq'::regclass);


--
-- Data for Name: categories; Type: TABLE DATA; Schema: public; Owner: vagrant
--

COPY categories (id, rest_id, categ1, categ2, categ3) FROM stdin;
1	23	Sandwiches	Burgers	Italian
2	25	Sandwiches	Soup	\N
3	22	{Italian}	\N	\N
4	26	{"Coffee & Tea"}	\N	\N
5	27	American (Traditional)	Sandwiches	\N
6	28	Delis	Sandwiches	\N
7	21	{Sandwiches}	\N	\N
8	29	{Cafes}	\N	\N
9	30	French	Coffee & Tea	Breakfast & Brunch
10	31	Chinese	Asian Fusion	\N
11	32	Shanghainese	Dim Sum	\N
12	33	Coffee & Tea	Chinese	\N
13	34	{Chinese}	\N	\N
14	35	{Vietnamese}	\N	\N
15	36	{"Coffee & Tea"}	\N	\N
16	37	Korean	Barbeque	\N
17	38	{Thai}	\N	\N
\.


--
-- Name: categories_id_seq; Type: SEQUENCE SET; Schema: public; Owner: vagrant
--

SELECT pg_catalog.setval('categories_id_seq', 17, true);


--
-- Data for Name: restaurants; Type: TABLE DATA; Schema: public; Owner: vagrant
--

COPY restaurants (id, yelp_id, name, rating, price, review_count) FROM stdin;
1	kiraku-berkeley	Kiraku	4.5	2	626
2	the-snack-shack-berkeley	The Snack Shack	4.5	1	67
3	wood-tavern-oakland	Wood Tavern	4.5	3	1599
4	koja-kitchen-berkeley	KoJa Kitchen	4	1	410
5	angelines-louisiana-kitchen-berkeley	Angeline's Louisiana Kitchen	4	2	3342
6	royal-rangoon-berkeley-2	Royal Rangoon	4	2	448
7	gather-berkeley	Gather	4	2	1856
8	eureka-berkeley-3	Eureka!	4	2	1009
9	simply-bowl-berkeley	Simply Bowl	4	2	392
10	southie-oakland	Southie	4.5	2	605
11	brazil-fresh-squeeze-cafe-berkeley	Brazil Fresh Squeeze Cafe	4.5	1	1120
12	gypsys-trattoria-italiano-berkeley	Gypsy's Trattoria Italiano	4	1	1202
13	tigerlily-berkeley-berkeley	Tigerlily Berkeley	4	2	298
14	smokes-poutinerie-berkeley	Smoke's Poutinerie	4	1	556
15	toss-noodle-bar-berkeley	Toss Noodle Bar	4	1	593
16	tivoli-caffe-berkeley	Tivoli Caffe	4.5	1	187
17	the-station-berkeley	The Station	4	1	162
18	great-china-berkeley	Great China	4	2	1493
19	sushinista-berkeley	Sushinista	4	1	58
20	cheese-board-pizza-berkeley	Cheese Board Pizza	4.5	1	4464
21	montagues-gourmet-sandwiches-berkeley-2	Montague	4.5	1	243
22	pasta-bene-berkeley	Pasta Bene	4	1	529
23	i-bs-hoagies-berkeley	I B	4	1	415
24	caffe-mediterraneum-berkeley	Caffe Mediterraneum	3.5	1	238
25	san-francisco-soup-company-berkeley-2	San Francisco Soup Company	3.5	1	190
26	sacks-coffee-house-berkeley	Sack	3.5	1	296
27	the-melt-berkeley-berkeley-2	The Melt Berkeley	3	1	255
28	cheese-n-stuff-berkeley	Cheese 	4	1	253
29	julies-cafe-berkeley	Julie	3.5	1	120
30	le-bateau-ivre-berkeley	Le Bateau Ivre	3.5	2	414
31	famous-bao-berkeley	Famous Bao	3.5	1	124
32	dumpling-express-berkeley	Dumpling Express	3.5	1	228
33	lotus-house-berkeley	Lotus House	3	1	266
34	mandarin-house-berkeley	Mandarin House	2	1	163
35	viet-nam-village-berkeley	Viet Nam Village	3.5	1	146
36	tea-press-berkeley-2	Tea Press	4	1	313
37	steves-bar-b-que-berkeley	Steve	3.5	1	414
38	thai-basil-cuisine-berkeley	Thai Basil Cuisine	3.5	1	810
\.


--
-- Name: restaurants_id_seq; Type: SEQUENCE SET; Schema: public; Owner: vagrant
--

SELECT pg_catalog.setval('restaurants_id_seq', 38, true);


--
-- Data for Name: users; Type: TABLE DATA; Schema: public; Owner: vagrant
--

COPY users (id, fname, lname, email, username, password, home_str, home_cty, home_sta, home_zip, work_str, work_cty, work_sta, work_zip, phone_num) FROM stdin;
1	Michelle	Kim	hi@mail.com	firstone	hihi	\N	\N	\N	\N	\N	\N	\N	\N	\N
2	Helen	Friend	helen@mail.com	helen	hi	\N	\N	\N	\N	\N	\N	\N	\N	\N
3	Johnny	Morales	jmorales0@odnoklassniki.ru	jmorales0	xFDUcq8sa	\N	\N	\N	\N	\N	\N	\N	\N	\N
4	Helen	Mcdonald	hmcdonald1@goo.gl	hmcdonald1	0Eqere4q	\N	\N	\N	\N	\N	\N	\N	\N	\N
5	Justin	Wood	jwood2@wordpress.com	jwood2	F0bGTWoAc	\N	\N	\N	\N	\N	\N	\N	\N	\N
6	Scott	Williamson	swilliamson3@google.de	swilliamson3	9fuuwxL	\N	\N	\N	\N	\N	\N	\N	\N	\N
7	Samuel	Russell	srussell4@ucoz.com	srussell4	HzQsLhD	\N	\N	\N	\N	\N	\N	\N	\N	\N
8	Ruby	Mccoy	rmccoy5@fastcompany.com	rmccoy5	OqX8gp7Vg1J	\N	\N	\N	\N	\N	\N	\N	\N	\N
9	Ruby	Flores	rflores6@whitehouse.gov	rflores6	43bfiXOAnHT	\N	\N	\N	\N	\N	\N	\N	\N	\N
10	Donald	Ward	dward7@howstuffworks.com	dward7	VyhDygI	\N	\N	\N	\N	\N	\N	\N	\N	\N
11	Patrick	Sanders	psanders8@myspace.com	psanders8	eDAGm6Y	\N	\N	\N	\N	\N	\N	\N	\N	\N
12	Michael	Alexander	malexander9@eventbrite.com	malexander9	D5kz6yp	\N	\N	\N	\N	\N	\N	\N	\N	\N
13	Wayne	Hansen	whansena@dmoz.org	whansena	DkxvFi6Fk8	\N	\N	\N	\N	\N	\N	\N	\N	\N
14	Karen	Scott	kscottb@infoseek.co.jp	kscottb	3A35eWX	\N	\N	\N	\N	\N	\N	\N	\N	\N
15	Kelly	Green	kgreenc@plala.or.jp	kgreenc	DghqzIL2O59	\N	\N	\N	\N	\N	\N	\N	\N	\N
16	Juan	Burns	jburnsd@spotify.com	jburnsd	Re42RTVrU0eR	\N	\N	\N	\N	\N	\N	\N	\N	\N
17	Fred	Brooks	fbrookse@quantcast.com	fbrookse	IUWlzpQ24lwl	\N	\N	\N	\N	\N	\N	\N	\N	\N
18	Earl	Carter	ecarterf@digg.com	ecarterf	OODfRJ	\N	\N	\N	\N	\N	\N	\N	\N	\N
19	Amanda	Shaw	ashawg@soup.io	ashawg	3zAx81VB	\N	\N	\N	\N	\N	\N	\N	\N	\N
20	Susan	Andrews	sandrewsh@wunderground.com	sandrewsh	NYpqvA3b	\N	\N	\N	\N	\N	\N	\N	\N	\N
21	Joan	Ford	jfordi@nbcnews.com	jfordi	7Qi87zHoZ	\N	\N	\N	\N	\N	\N	\N	\N	\N
22	Earl	Banks	ebanksj@cloudflare.com	ebanksj	N2dMgVt	\N	\N	\N	\N	\N	\N	\N	\N	\N
23	Amy	Scott	ascottk@yahoo.com	ascottk	vLajNHF0zo	\N	\N	\N	\N	\N	\N	\N	\N	\N
24	Louis	Diaz	ldiazl@storify.com	ldiazl	uwRCfw8Xm2B	\N	\N	\N	\N	\N	\N	\N	\N	\N
25	Brenda	Chavez	bchavezm@odnoklassniki.ru	bchavezm	BtdJ8bXHhlf	\N	\N	\N	\N	\N	\N	\N	\N	\N
26	Margaret	Murray	mmurrayn@biglobe.ne.jp	mmurrayn	uT2HMW7Uer6	\N	\N	\N	\N	\N	\N	\N	\N	\N
27	Katherine	Myers	kmyerso@nps.gov	kmyerso	SdfaV7O3Z6aJ	\N	\N	\N	\N	\N	\N	\N	\N	\N
28	Bonnie	Watson	bwatsonp@skyrock.com	bwatsonp	SuGJnYmlcp6	\N	\N	\N	\N	\N	\N	\N	\N	\N
29	Scott	Thomas	sthomasq@imdb.com	sthomasq	TlunXpDG5Q6H	\N	\N	\N	\N	\N	\N	\N	\N	\N
30	Joan	Lawrence	jlawrencer@storify.com	jlawrencer	7oVVkY4jyu3i	\N	\N	\N	\N	\N	\N	\N	\N	\N
31	Heather	Frazier	hfraziers@omniture.com	hfraziers	1NxzpNoE	\N	\N	\N	\N	\N	\N	\N	\N	\N
32	Andrew	Washington	awashingtont@marketwatch.com	awashingtont	DjuVfQmgNa	\N	\N	\N	\N	\N	\N	\N	\N	\N
33	Marilyn	Day	mdayu@g.co	mdayu	Zblb69	\N	\N	\N	\N	\N	\N	\N	\N	\N
34	Linda	Watson	lwatsonv@homestead.com	lwatsonv	qn7QBaOR24Ak	\N	\N	\N	\N	\N	\N	\N	\N	\N
35	Patricia	Sullivan	psullivanw@admin.ch	psullivanw	tyRXrLX7PPy5	\N	\N	\N	\N	\N	\N	\N	\N	\N
36	Randy	Warren	rwarrenx@sakura.ne.jp	rwarrenx	1Hxjyoc	\N	\N	\N	\N	\N	\N	\N	\N	\N
37	Walter	Hernandez	whernandezy@wikispaces.com	whernandezy	CkIkHLWC5ne	\N	\N	\N	\N	\N	\N	\N	\N	\N
38	Lori	Morales	lmoralesz@taobao.com	lmoralesz	rGy8gzvpRuC	\N	\N	\N	\N	\N	\N	\N	\N	\N
39	Paula	Olson	polson10@macromedia.com	polson10	crLZKIKc	\N	\N	\N	\N	\N	\N	\N	\N	\N
40	Christina	Bishop	cbishop11@miitbeian.gov.cn	cbishop11	MstZaS9gyjF	\N	\N	\N	\N	\N	\N	\N	\N	\N
41	Antonio	Medina	amedina12@sitemeter.com	amedina12	6eEsyb	\N	\N	\N	\N	\N	\N	\N	\N	\N
42	Frank	Black	fblack13@google.pl	fblack13	p78MnOgyf	\N	\N	\N	\N	\N	\N	\N	\N	\N
43	Kenneth	Welch	kwelch14@istockphoto.com	kwelch14	l26lmN	\N	\N	\N	\N	\N	\N	\N	\N	\N
44	Annie	Stevens	astevens15@mit.edu	astevens15	4CneWU	\N	\N	\N	\N	\N	\N	\N	\N	\N
45	Linda	Smith	lsmith16@comcast.net	lsmith16	6HqqZd	\N	\N	\N	\N	\N	\N	\N	\N	\N
46	Randy	Morales	rmorales17@economist.com	rmorales17	NxbWI6A	\N	\N	\N	\N	\N	\N	\N	\N	\N
47	Bobby	Hicks	bhicks18@miibeian.gov.cn	bhicks18	8b95wIb8IZ1y	\N	\N	\N	\N	\N	\N	\N	\N	\N
48	Carlos	Larson	clarson19@opensource.org	clarson19	b6HhIoi2Ywl2	\N	\N	\N	\N	\N	\N	\N	\N	\N
49	Clarence	Romero	cromero1a@cyberchimps.com	cromero1a	I5mWMZ	\N	\N	\N	\N	\N	\N	\N	\N	\N
50	Peter	Garza	pgarza1b@china.com.cn	pgarza1b	SUIVicfZe	\N	\N	\N	\N	\N	\N	\N	\N	\N
51	Jesse	Patterson	jpatterson1c@360.cn	jpatterson1c	Bkwjzp	\N	\N	\N	\N	\N	\N	\N	\N	\N
52	Bobby	Castillo	bcastillo1d@walmart.com	bcastillo1d	UPVPhn8	\N	\N	\N	\N	\N	\N	\N	\N	\N
53	Jonathan	Wallace	jwallace1e@google.ru	jwallace1e	f4bI0tB	\N	\N	\N	\N	\N	\N	\N	\N	\N
54	Lois	Diaz	ldiaz1f@sogou.com	ldiaz1f	rFtyfdik	\N	\N	\N	\N	\N	\N	\N	\N	\N
55	Phyllis	Ruiz	pruiz1g@biblegateway.com	pruiz1g	tSvVwVVl	\N	\N	\N	\N	\N	\N	\N	\N	\N
56	Susan	Clark	sclark1h@psu.edu	sclark1h	8GGkcArlR7P	\N	\N	\N	\N	\N	\N	\N	\N	\N
57	Helen	Palmer	hpalmer1i@npr.org	hpalmer1i	dBbGhcuJaf	\N	\N	\N	\N	\N	\N	\N	\N	\N
58	Judy	Wallace	jwallace1j@free.fr	jwallace1j	ZHNu6f9SlE	\N	\N	\N	\N	\N	\N	\N	\N	\N
59	Joshua	Chavez	jchavez1k@oakley.com	jchavez1k	WRecjD	\N	\N	\N	\N	\N	\N	\N	\N	\N
60	Susan	Jones	sjones1l@dell.com	sjones1l	FSS404Ss7q	\N	\N	\N	\N	\N	\N	\N	\N	\N
61	Marie	Simpson	msimpson1m@xrea.com	msimpson1m	9BVJVkCBLWjj	\N	\N	\N	\N	\N	\N	\N	\N	\N
62	Debra	Torres	dtorres1n@unesco.org	dtorres1n	KugC6dX	\N	\N	\N	\N	\N	\N	\N	\N	\N
63	George	Fuller	gfuller1o@mozilla.com	gfuller1o	AjwYmHGMBUX	\N	\N	\N	\N	\N	\N	\N	\N	\N
64	Robert	Arnold	rarnold1p@symantec.com	rarnold1p	d4SqHFN	\N	\N	\N	\N	\N	\N	\N	\N	\N
65	Dennis	Webb	dwebb1q@freewebs.com	dwebb1q	vzu43KvEn	\N	\N	\N	\N	\N	\N	\N	\N	\N
66	Elizabeth	Jackson	ejackson1r@google.co.jp	ejackson1r	mB6XdKcig	\N	\N	\N	\N	\N	\N	\N	\N	\N
67	Raymond	Walker	rwalker1s@furl.net	rwalker1s	SFa5T7LjNeW2	\N	\N	\N	\N	\N	\N	\N	\N	\N
68	Jack	Robertson	jrobertson1t@1688.com	jrobertson1t	j1qrud	\N	\N	\N	\N	\N	\N	\N	\N	\N
69	Tina	Lopez	tlopez1u@odnoklassniki.ru	tlopez1u	aXgzaikcx3	\N	\N	\N	\N	\N	\N	\N	\N	\N
70	Amy	Peters	apeters1v@cpanel.net	apeters1v	AUzeEMsoE	\N	\N	\N	\N	\N	\N	\N	\N	\N
71	Tammy	Morgan	tmorgan1w@posterous.com	tmorgan1w	Iq3i25h	\N	\N	\N	\N	\N	\N	\N	\N	\N
72	Virginia	Little	vlittle1x@nih.gov	vlittle1x	MEwdrvnm	\N	\N	\N	\N	\N	\N	\N	\N	\N
73	Melissa	Warren	mwarren1y@diigo.com	mwarren1y	950xoD	\N	\N	\N	\N	\N	\N	\N	\N	\N
74	Eric	Walker	ewalker1z@yahoo.co.jp	ewalker1z	chZc6ngmis	\N	\N	\N	\N	\N	\N	\N	\N	\N
75	Wanda	Daniels	wdaniels20@cnn.com	wdaniels20	yyL82LO5U	\N	\N	\N	\N	\N	\N	\N	\N	\N
76	Marie	Dunn	mdunn21@odnoklassniki.ru	mdunn21	RgIehGx	\N	\N	\N	\N	\N	\N	\N	\N	\N
77	Adam	Cole	acole22@sciencedaily.com	acole22	m1KOZHRg	\N	\N	\N	\N	\N	\N	\N	\N	\N
78	Bruce	Gray	bgray23@buzzfeed.com	bgray23	1n8chMRgQ	\N	\N	\N	\N	\N	\N	\N	\N	\N
79	Julia	Roberts	jroberts24@youtu.be	jroberts24	lIlOwAr	\N	\N	\N	\N	\N	\N	\N	\N	\N
80	Frances	Wilson	fwilson25@soup.io	fwilson25	px9bIajKM	\N	\N	\N	\N	\N	\N	\N	\N	\N
81	Ruby	Romero	rromero26@mapquest.com	rromero26	RoQlqi	\N	\N	\N	\N	\N	\N	\N	\N	\N
82	Fred	Wood	fwood27@cargocollective.com	fwood27	Uikp504a	\N	\N	\N	\N	\N	\N	\N	\N	\N
83	Albert	Burke	aburke28@gmpg.org	aburke28	RDFK5COnp	\N	\N	\N	\N	\N	\N	\N	\N	\N
84	Peter	Gibson	pgibson29@dailymail.co.uk	pgibson29	xiFbzHyLMe2B	\N	\N	\N	\N	\N	\N	\N	\N	\N
85	Jerry	Carpenter	jcarpenter2a@gmpg.org	jcarpenter2a	DRhpjpi8kzT	\N	\N	\N	\N	\N	\N	\N	\N	\N
86	Chris	Lee	clee2b@ca.gov	clee2b	eWWcN2vA	\N	\N	\N	\N	\N	\N	\N	\N	\N
87	Catherine	Burke	cburke2c@mashable.com	cburke2c	hyPmEk	\N	\N	\N	\N	\N	\N	\N	\N	\N
88	Julie	Washington	jwashington2d@feedburner.com	jwashington2d	JWCde93U	\N	\N	\N	\N	\N	\N	\N	\N	\N
89	Shawn	Holmes	sholmes2e@cnet.com	sholmes2e	SgpNfoFHD0L	\N	\N	\N	\N	\N	\N	\N	\N	\N
90	Arthur	Lynch	alynch2f@networkadvertising.org	alynch2f	nBp4PUfOSH3X	\N	\N	\N	\N	\N	\N	\N	\N	\N
91	Susan	Fox	sfox2g@jimdo.com	sfox2g	XHzwFvAhD	\N	\N	\N	\N	\N	\N	\N	\N	\N
92	Ashley	Hunter	ahunter2h@live.com	ahunter2h	XxkztLLfQZ	\N	\N	\N	\N	\N	\N	\N	\N	\N
93	Melissa	Lopez	mlopez2i@printfriendly.com	mlopez2i	02dySla	\N	\N	\N	\N	\N	\N	\N	\N	\N
94	Deborah	Stanley	dstanley2j@icio.us	dstanley2j	6vqiWOmTOQp	\N	\N	\N	\N	\N	\N	\N	\N	\N
95	Donna	Castillo	dcastillo2k@storify.com	dcastillo2k	a4hpq2	\N	\N	\N	\N	\N	\N	\N	\N	\N
96	Brian	Shaw	bshaw2l@imgur.com	bshaw2l	WOE0DzhRsgr1	\N	\N	\N	\N	\N	\N	\N	\N	\N
97	Wayne	Garrett	wgarrett2m@ebay.co.uk	wgarrett2m	AyUetTdg	\N	\N	\N	\N	\N	\N	\N	\N	\N
98	Melissa	Gibson	mgibson2n@hhs.gov	mgibson2n	oCXZD8a	\N	\N	\N	\N	\N	\N	\N	\N	\N
99	Thomas	Hall	thall2o@uol.com.br	thall2o	SRKCQlQPV	\N	\N	\N	\N	\N	\N	\N	\N	\N
100	Jonathan	Cunningham	jcunningham2p@umn.edu	jcunningham2p	BPYKbJVH6	\N	\N	\N	\N	\N	\N	\N	\N	\N
101	Rebecca	Peters	rpeters2q@jigsy.com	rpeters2q	eEVrEOOXMWY	\N	\N	\N	\N	\N	\N	\N	\N	\N
102	Virginia	Mendoza	vmendoza2r@quantcast.com	vmendoza2r	8v9E5J	\N	\N	\N	\N	\N	\N	\N	\N	\N
103	Thomas	Morris	tmorris2s@cmu.edu	tmorris2s	QSbBTJJEU5KX	\N	\N	\N	\N	\N	\N	\N	\N	\N
104	Jacqueline	Berry	jberry2t@weibo.com	jberry2t	t4Ct4fxACZ	\N	\N	\N	\N	\N	\N	\N	\N	\N
105	Andrew	Nichols	anichols2u@apple.com	anichols2u	KcaDGL2Fs	\N	\N	\N	\N	\N	\N	\N	\N	\N
106	Maria	Sanchez	msanchez2v@twitter.com	msanchez2v	89WGbYNsUFXd	\N	\N	\N	\N	\N	\N	\N	\N	\N
107	Susan	Snyder	ssnyder2w@wikipedia.org	ssnyder2w	0zBswrw	\N	\N	\N	\N	\N	\N	\N	\N	\N
108	Sean	Mcdonald	smcdonald2x@cmu.edu	smcdonald2x	LHOEBuZ61zEw	\N	\N	\N	\N	\N	\N	\N	\N	\N
109	Eugene	Garrett	egarrett2y@shutterfly.com	egarrett2y	bWg1xMHCm	\N	\N	\N	\N	\N	\N	\N	\N	\N
110	Brandon	Mills	bmills2z@webnode.com	bmills2z	JSR3d3vh	\N	\N	\N	\N	\N	\N	\N	\N	\N
111	Donald	Evans	devans30@europa.eu	devans30	tUfVLNup4	\N	\N	\N	\N	\N	\N	\N	\N	\N
112	Maria	Hayes	mhayes31@geocities.jp	mhayes31	fbwWU4cha	\N	\N	\N	\N	\N	\N	\N	\N	\N
113	David	Dean	ddean32@twitpic.com	ddean32	hibZmwQad	\N	\N	\N	\N	\N	\N	\N	\N	\N
114	Frank	Alexander	falexander33@webs.com	falexander33	xUaijCtQ	\N	\N	\N	\N	\N	\N	\N	\N	\N
115	Marilyn	Porter	mporter34@nifty.com	mporter34	1SFC5nrBvGB	\N	\N	\N	\N	\N	\N	\N	\N	\N
116	Kevin	Wheeler	kwheeler35@si.edu	kwheeler35	AogXJas0b	\N	\N	\N	\N	\N	\N	\N	\N	\N
117	George	Black	gblack36@ifeng.com	gblack36	AOvcwRYM	\N	\N	\N	\N	\N	\N	\N	\N	\N
118	Larry	Ward	lward37@businesswire.com	lward37	NJfPChQV6	\N	\N	\N	\N	\N	\N	\N	\N	\N
119	Michael	Carter	mcarter38@ed.gov	mcarter38	1BmjLxwFx3m	\N	\N	\N	\N	\N	\N	\N	\N	\N
120	Philip	Tucker	ptucker39@loc.gov	ptucker39	Jiewl4Th3oy	\N	\N	\N	\N	\N	\N	\N	\N	\N
121	Irene	Hicks	ihicks3a@merriam-webster.com	ihicks3a	WGcU588yxNzk	\N	\N	\N	\N	\N	\N	\N	\N	\N
122	Joe	Griffin	jgriffin3b@boston.com	jgriffin3b	rwOzVRi	\N	\N	\N	\N	\N	\N	\N	\N	\N
123	Doris	Johnston	djohnston3c@i2i.jp	djohnston3c	sGrzOiw69Gd0	\N	\N	\N	\N	\N	\N	\N	\N	\N
124	Kenneth	Holmes	kholmes3d@amazon.co.uk	kholmes3d	ZVw7MlSX	\N	\N	\N	\N	\N	\N	\N	\N	\N
125	Dorothy	Clark	dclark3e@prlog.org	dclark3e	g0wcg288	\N	\N	\N	\N	\N	\N	\N	\N	\N
126	Andrew	Mitchell	amitchell3f@businessinsider.com	amitchell3f	EGAdCsfeJO	\N	\N	\N	\N	\N	\N	\N	\N	\N
127	Stephanie	Sims	ssims3g@wikimedia.org	ssims3g	ifz4URx7K	\N	\N	\N	\N	\N	\N	\N	\N	\N
128	Jennifer	Nichols	jnichols3h@marriott.com	jnichols3h	x8DPNQjqb	\N	\N	\N	\N	\N	\N	\N	\N	\N
129	George	Morris	gmorris3i@privacy.gov.au	gmorris3i	rL2PgL5JbcK	\N	\N	\N	\N	\N	\N	\N	\N	\N
130	Roy	Fernandez	rfernandez3j@yale.edu	rfernandez3j	oVfODh	\N	\N	\N	\N	\N	\N	\N	\N	\N
131	Albert	Gonzalez	agonzalez3k@goo.gl	agonzalez3k	GVOgeH	\N	\N	\N	\N	\N	\N	\N	\N	\N
132	Antonio	Parker	aparker3l@scientificamerican.com	aparker3l	fzKLd2	\N	\N	\N	\N	\N	\N	\N	\N	\N
133	Ashley	Moreno	amoreno3m@earthlink.net	amoreno3m	BNwMDlMVxcGE	\N	\N	\N	\N	\N	\N	\N	\N	\N
134	Michelle	White	mwhite3n@shareasale.com	mwhite3n	AfDZ8PmA6qyu	\N	\N	\N	\N	\N	\N	\N	\N	\N
135	Alan	Stone	astone3o@oracle.com	astone3o	zGF9ijhzwg	\N	\N	\N	\N	\N	\N	\N	\N	\N
136	Karen	Gordon	kgordon3p@ca.gov	kgordon3p	SbHWx5TPoU	\N	\N	\N	\N	\N	\N	\N	\N	\N
137	Jerry	Payne	jpayne3q@networkadvertising.org	jpayne3q	p2ROzH0	\N	\N	\N	\N	\N	\N	\N	\N	\N
138	Diane	Clark	dclark3r@soundcloud.com	dclark3r	r4YmvXyUyy	\N	\N	\N	\N	\N	\N	\N	\N	\N
139	Roy	Mendoza	rmendoza3s@reference.com	rmendoza3s	fOHS7BhRB	\N	\N	\N	\N	\N	\N	\N	\N	\N
140	Annie	Carroll	acarroll3t@wp.com	acarroll3t	NQ1xwDHDOB2	\N	\N	\N	\N	\N	\N	\N	\N	\N
141	Scott	Russell	srussell3u@usgs.gov	srussell3u	LyF3ZeEXEV	\N	\N	\N	\N	\N	\N	\N	\N	\N
142	Roger	Alexander	ralexander3v@desdev.cn	ralexander3v	PuHbOCZ	\N	\N	\N	\N	\N	\N	\N	\N	\N
143	Scott	Hamilton	shamilton3w@taobao.com	shamilton3w	ehocQ5cO	\N	\N	\N	\N	\N	\N	\N	\N	\N
144	Laura	Cunningham	lcunningham3x@spotify.com	lcunningham3x	HftPVF	\N	\N	\N	\N	\N	\N	\N	\N	\N
145	Sara	Murphy	smurphy3y@ted.com	smurphy3y	AN8foXk	\N	\N	\N	\N	\N	\N	\N	\N	\N
146	Benjamin	Hudson	bhudson3z@google.co.uk	bhudson3z	0A2brZ	\N	\N	\N	\N	\N	\N	\N	\N	\N
147	Samuel	Gibson	sgibson40@dion.ne.jp	sgibson40	9rf1kzFfzZ1	\N	\N	\N	\N	\N	\N	\N	\N	\N
148	Jennifer	Williamson	jwilliamson41@networkadvertising.org	jwilliamson41	XXK4MV	\N	\N	\N	\N	\N	\N	\N	\N	\N
149	Theresa	Thompson	tthompson42@wikispaces.com	tthompson42	0wW9HbpiOIud	\N	\N	\N	\N	\N	\N	\N	\N	\N
150	Nancy	Mitchell	nmitchell43@youtube.com	nmitchell43	IB139g	\N	\N	\N	\N	\N	\N	\N	\N	\N
151	Ernest	Sanchez	esanchez44@google.com.au	esanchez44	qIP83XBVJ	\N	\N	\N	\N	\N	\N	\N	\N	\N
152	Earl	Hicks	ehicks45@blogs.com	ehicks45	upeGLKXVCbw	\N	\N	\N	\N	\N	\N	\N	\N	\N
153	Anna	Peterson	apeterson46@storify.com	apeterson46	knrSo6XUx	\N	\N	\N	\N	\N	\N	\N	\N	\N
154	Lois	Welch	lwelch47@globo.com	lwelch47	78cMb6a0TQ9F	\N	\N	\N	\N	\N	\N	\N	\N	\N
155	Antonio	Walker	awalker48@vimeo.com	awalker48	iOx9y15tseV	\N	\N	\N	\N	\N	\N	\N	\N	\N
156	Irene	Dean	idean49@paypal.com	idean49	hHhYk0N	\N	\N	\N	\N	\N	\N	\N	\N	\N
157	Ryan	Medina	rmedina4a@t.co	rmedina4a	EilmpDLcX	\N	\N	\N	\N	\N	\N	\N	\N	\N
158	Keith	Reid	kreid4b@seattletimes.com	kreid4b	6dFEbh6tCU	\N	\N	\N	\N	\N	\N	\N	\N	\N
159	Teresa	Nguyen	tnguyen4c@ihg.com	tnguyen4c	2D2HMqvrB	\N	\N	\N	\N	\N	\N	\N	\N	\N
160	Kimberly	Murray	kmurray4d@purevolume.com	kmurray4d	HKFhXY	\N	\N	\N	\N	\N	\N	\N	\N	\N
161	Peter	Williamson	pwilliamson4e@angelfire.com	pwilliamson4e	B9M7bJ	\N	\N	\N	\N	\N	\N	\N	\N	\N
162	Shirley	Cooper	scooper4f@amazonaws.com	scooper4f	CK4EiUg1	\N	\N	\N	\N	\N	\N	\N	\N	\N
163	Mark	Kelly	mkelly4g@accuweather.com	mkelly4g	3JKIkbFLPJ	\N	\N	\N	\N	\N	\N	\N	\N	\N
164	Kevin	Thomas	kthomas4h@scribd.com	kthomas4h	hDxXXfs	\N	\N	\N	\N	\N	\N	\N	\N	\N
165	Dennis	Olson	dolson4i@php.net	dolson4i	aLxLYwiVC4	\N	\N	\N	\N	\N	\N	\N	\N	\N
166	Ann	Baker	abaker4j@multiply.com	abaker4j	qhoH95KN	\N	\N	\N	\N	\N	\N	\N	\N	\N
167	Heather	Martinez	hmartinez4k@dailymotion.com	hmartinez4k	oQXHw2uz	\N	\N	\N	\N	\N	\N	\N	\N	\N
168	Marilyn	Dixon	mdixon4l@skyrock.com	mdixon4l	238dW59wpuOQ	\N	\N	\N	\N	\N	\N	\N	\N	\N
169	Christopher	Morrison	cmorrison4m@ow.ly	cmorrison4m	alCshAb	\N	\N	\N	\N	\N	\N	\N	\N	\N
170	Rachel	Hughes	rhughes4n@usa.gov	rhughes4n	ePYzXNgia	\N	\N	\N	\N	\N	\N	\N	\N	\N
171	Howard	Diaz	hdiaz4o@163.com	hdiaz4o	JNYeyGkt65	\N	\N	\N	\N	\N	\N	\N	\N	\N
172	Marie	Bradley	mbradley4p@acquirethisname.com	mbradley4p	qkTacXT0Bto	\N	\N	\N	\N	\N	\N	\N	\N	\N
173	Ruby	Thomas	rthomas4q@fema.gov	rthomas4q	Y5iMd4LiArb	\N	\N	\N	\N	\N	\N	\N	\N	\N
174	Carl	Stephens	cstephens4r@yellowbook.com	cstephens4r	KIzw3GtpZKlE	\N	\N	\N	\N	\N	\N	\N	\N	\N
175	Martin	Gomez	mgomez4s@sohu.com	mgomez4s	7Wf2cTDYiEU	\N	\N	\N	\N	\N	\N	\N	\N	\N
176	Kelly	Martin	kmartin4t@techcrunch.com	kmartin4t	2Qe8Ec	\N	\N	\N	\N	\N	\N	\N	\N	\N
177	Michael	Green	mgreen4u@ox.ac.uk	mgreen4u	X8JSeznpN9	\N	\N	\N	\N	\N	\N	\N	\N	\N
178	Joyce	Johnston	jjohnston4v@ted.com	jjohnston4v	gWt9fpgNzo	\N	\N	\N	\N	\N	\N	\N	\N	\N
179	Gloria	Ruiz	gruiz4w@epa.gov	gruiz4w	s9MxGD7sQwg	\N	\N	\N	\N	\N	\N	\N	\N	\N
180	Robin	Parker	rparker4x@issuu.com	rparker4x	cLoEZ3	\N	\N	\N	\N	\N	\N	\N	\N	\N
181	Samuel	Richards	srichards4y@newsvine.com	srichards4y	rZ5wtVzjZeZ	\N	\N	\N	\N	\N	\N	\N	\N	\N
182	Steven	Gibson	sgibson4z@yelp.com	sgibson4z	z8ulD7gGRNnC	\N	\N	\N	\N	\N	\N	\N	\N	\N
183	Jennifer	Shaw	jshaw50@gizmodo.com	jshaw50	Zemn6b3	\N	\N	\N	\N	\N	\N	\N	\N	\N
184	Michelle	Knight	mknight51@bizjournals.com	mknight51	3eg74JyARv	\N	\N	\N	\N	\N	\N	\N	\N	\N
185	Sarah	Gray	sgray52@census.gov	sgray52	VFgcPZi	\N	\N	\N	\N	\N	\N	\N	\N	\N
186	Sandra	Henderson	shenderson53@google.pl	shenderson53	cq3FcvMBS	\N	\N	\N	\N	\N	\N	\N	\N	\N
187	Angela	Warren	awarren54@sphinn.com	awarren54	jIidJ35ItiL	\N	\N	\N	\N	\N	\N	\N	\N	\N
188	Douglas	Edwards	dedwards55@bing.com	dedwards55	qLAFKOAzI4x	\N	\N	\N	\N	\N	\N	\N	\N	\N
189	Laura	Day	lday56@biglobe.ne.jp	lday56	PFVtaKtJ	\N	\N	\N	\N	\N	\N	\N	\N	\N
190	Patricia	Gonzalez	pgonzalez57@shinystat.com	pgonzalez57	qUz1qYqZ	\N	\N	\N	\N	\N	\N	\N	\N	\N
191	Bobby	Cole	bcole58@vk.com	bcole58	yCQjxK1tQ5k	\N	\N	\N	\N	\N	\N	\N	\N	\N
192	Jean	Jenkins	jjenkins59@dropbox.com	jjenkins59	g2UgbYf	\N	\N	\N	\N	\N	\N	\N	\N	\N
193	Louis	Day	lday5a@vinaora.com	lday5a	4qXA4N	\N	\N	\N	\N	\N	\N	\N	\N	\N
194	Angela	Holmes	aholmes5b@etsy.com	aholmes5b	JFlQh9Neug	\N	\N	\N	\N	\N	\N	\N	\N	\N
195	Gary	Sullivan	gsullivan5c@mysql.com	gsullivan5c	B2valRjkn	\N	\N	\N	\N	\N	\N	\N	\N	\N
196	Andrea	Ramos	aramos5d@cnn.com	aramos5d	fWet4UUp	\N	\N	\N	\N	\N	\N	\N	\N	\N
197	Sara	Matthews	smatthews5e@princeton.edu	smatthews5e	xg0CKh8Hbl	\N	\N	\N	\N	\N	\N	\N	\N	\N
198	Albert	Richards	arichards5f@un.org	arichards5f	4EqB0zJ	\N	\N	\N	\N	\N	\N	\N	\N	\N
199	Charles	Moreno	cmoreno5g@comcast.net	cmoreno5g	y8IvyMQpwDj	\N	\N	\N	\N	\N	\N	\N	\N	\N
200	Pamela	Lynch	plynch5h@mail.ru	plynch5h	SClTv7D	\N	\N	\N	\N	\N	\N	\N	\N	\N
201	Deborah	Patterson	dpatterson5i@networkadvertising.org	dpatterson5i	zkj7tMKB939T	\N	\N	\N	\N	\N	\N	\N	\N	\N
202	Bonnie	Porter	bporter5j@whitehouse.gov	bporter5j	Or3vSb	\N	\N	\N	\N	\N	\N	\N	\N	\N
203	Judy	Hunt	jhunt5k@theatlantic.com	jhunt5k	EJ6gDV	\N	\N	\N	\N	\N	\N	\N	\N	\N
204	Donald	Alvarez	dalvarez5l@opera.com	dalvarez5l	q6OOj5OZ7y7	\N	\N	\N	\N	\N	\N	\N	\N	\N
205	Jonathan	Fowler	jfowler5m@360.cn	jfowler5m	D2Sv46caqE	\N	\N	\N	\N	\N	\N	\N	\N	\N
206	Adam	Torres	atorres5n@chronoengine.com	atorres5n	cIGayfXu8yhh	\N	\N	\N	\N	\N	\N	\N	\N	\N
207	Jacqueline	Harrison	jharrison5o@desdev.cn	jharrison5o	oTsBI3Afq	\N	\N	\N	\N	\N	\N	\N	\N	\N
208	Gerald	Mendoza	gmendoza5p@kickstarter.com	gmendoza5p	RYm8Q6bf	\N	\N	\N	\N	\N	\N	\N	\N	\N
209	Janet	Thomas	jthomas5q@google.com.br	jthomas5q	tClRUao	\N	\N	\N	\N	\N	\N	\N	\N	\N
210	Jerry	Hart	jhart5r@google.com	jhart5r	lqpHFM	\N	\N	\N	\N	\N	\N	\N	\N	\N
211	Ralph	Mitchell	rmitchell5s@bloglovin.com	rmitchell5s	clLJXDD	\N	\N	\N	\N	\N	\N	\N	\N	\N
212	Sean	Russell	srussell5t@forbes.com	srussell5t	21qTHgmJHOI	\N	\N	\N	\N	\N	\N	\N	\N	\N
213	Alice	Garcia	agarcia5u@fema.gov	agarcia5u	ES8UciPu5rO	\N	\N	\N	\N	\N	\N	\N	\N	\N
214	Walter	Coleman	wcoleman5v@imdb.com	wcoleman5v	mocxyRH4vs	\N	\N	\N	\N	\N	\N	\N	\N	\N
215	Elizabeth	Clark	eclark5w@hexun.com	eclark5w	vXQTQz6XJTm	\N	\N	\N	\N	\N	\N	\N	\N	\N
216	Denise	Foster	dfoster5x@technorati.com	dfoster5x	VaZibSLsQ	\N	\N	\N	\N	\N	\N	\N	\N	\N
217	Peter	Harvey	pharvey5y@over-blog.com	pharvey5y	5fhVL8ndj	\N	\N	\N	\N	\N	\N	\N	\N	\N
218	Martha	Jackson	mjackson5z@angelfire.com	mjackson5z	fpCULde	\N	\N	\N	\N	\N	\N	\N	\N	\N
219	Annie	Harper	aharper60@i2i.jp	aharper60	htZEpJ3E	\N	\N	\N	\N	\N	\N	\N	\N	\N
220	Bobby	Price	bprice61@shutterfly.com	bprice61	9kNzqjGhz1	\N	\N	\N	\N	\N	\N	\N	\N	\N
221	Jennifer	Lee	jlee62@51.la	jlee62	BCGdRK	\N	\N	\N	\N	\N	\N	\N	\N	\N
222	Carolyn	Stanley	cstanley63@sbwire.com	cstanley63	SeNGZbAF59e8	\N	\N	\N	\N	\N	\N	\N	\N	\N
223	Cynthia	Austin	caustin64@wordpress.com	caustin64	JSxbXATwWcPs	\N	\N	\N	\N	\N	\N	\N	\N	\N
224	Jennifer	Stevens	jstevens65@buzzfeed.com	jstevens65	PnJ0kGlReTIq	\N	\N	\N	\N	\N	\N	\N	\N	\N
225	Richard	Collins	rcollins66@prnewswire.com	rcollins66	BC1L9b	\N	\N	\N	\N	\N	\N	\N	\N	\N
226	Anne	James	ajames67@xing.com	ajames67	PaDHpGsE37K	\N	\N	\N	\N	\N	\N	\N	\N	\N
227	Benjamin	Bailey	bbailey68@bloomberg.com	bbailey68	cIWt0j5EEPr	\N	\N	\N	\N	\N	\N	\N	\N	\N
228	Jimmy	Robertson	jrobertson69@cdc.gov	jrobertson69	g0P8u3h5d5N	\N	\N	\N	\N	\N	\N	\N	\N	\N
229	Barbara	Watkins	bwatkins6a@cisco.com	bwatkins6a	6AazYp5yZ	\N	\N	\N	\N	\N	\N	\N	\N	\N
230	Eugene	Morales	emorales6b@sun.com	emorales6b	VfGBRJUG0Bj	\N	\N	\N	\N	\N	\N	\N	\N	\N
231	Raymond	Marshall	rmarshall6c@google.com.au	rmarshall6c	Eeoaewp	\N	\N	\N	\N	\N	\N	\N	\N	\N
232	Terry	Bradley	tbradley6d@furl.net	tbradley6d	X6ULI1	\N	\N	\N	\N	\N	\N	\N	\N	\N
233	Michael	Carter	mcarter6e@e-recht24.de	mcarter6e	jFZ1hdmzuSP	\N	\N	\N	\N	\N	\N	\N	\N	\N
234	Chris	Moore	cmoore6f@people.com.cn	cmoore6f	dya2R9afH4	\N	\N	\N	\N	\N	\N	\N	\N	\N
235	Walter	Snyder	wsnyder6g@state.tx.us	wsnyder6g	FOnF6X	\N	\N	\N	\N	\N	\N	\N	\N	\N
236	Diana	Meyer	dmeyer6h@github.com	dmeyer6h	kQkfEWyDo3	\N	\N	\N	\N	\N	\N	\N	\N	\N
237	Russell	Robertson	rrobertson6i@xinhuanet.com	rrobertson6i	9qnWNXJNwjM	\N	\N	\N	\N	\N	\N	\N	\N	\N
238	Judith	Evans	jevans6j@github.com	jevans6j	Fu9u4c	\N	\N	\N	\N	\N	\N	\N	\N	\N
239	Dorothy	Kelley	dkelley6k@canalblog.com	dkelley6k	QIMffUOjnmM	\N	\N	\N	\N	\N	\N	\N	\N	\N
240	Stephanie	Snyder	ssnyder6l@51.la	ssnyder6l	lGKXShWp5wW1	\N	\N	\N	\N	\N	\N	\N	\N	\N
241	Ann	Fernandez	afernandez6m@over-blog.com	afernandez6m	v7DIDojD	\N	\N	\N	\N	\N	\N	\N	\N	\N
242	Charles	Wood	cwood6n@hubpages.com	cwood6n	d8JC76K	\N	\N	\N	\N	\N	\N	\N	\N	\N
243	Peter	Stephens	pstephens6o@answers.com	pstephens6o	deDeMjx	\N	\N	\N	\N	\N	\N	\N	\N	\N
244	Steve	Webb	swebb6p@pagesperso-orange.fr	swebb6p	8UfaJ01	\N	\N	\N	\N	\N	\N	\N	\N	\N
245	Stephanie	Thomas	sthomas6q@lulu.com	sthomas6q	cvrOjASFXk1R	\N	\N	\N	\N	\N	\N	\N	\N	\N
246	Samuel	Holmes	sholmes6r@amazonaws.com	sholmes6r	8Q3ODwoHcd8	\N	\N	\N	\N	\N	\N	\N	\N	\N
247	Nicole	Wallace	nwallace6s@fda.gov	nwallace6s	s9kh1rN	\N	\N	\N	\N	\N	\N	\N	\N	\N
248	Jesse	Harper	jharper6t@purevolume.com	jharper6t	yxiMKTG	\N	\N	\N	\N	\N	\N	\N	\N	\N
249	Chris	Fowler	cfowler6u@cbsnews.com	cfowler6u	WHxGyUnYlasj	\N	\N	\N	\N	\N	\N	\N	\N	\N
250	Ashley	Kim	akim6v@tripadvisor.com	akim6v	RvUwMAbDHlT	\N	\N	\N	\N	\N	\N	\N	\N	\N
251	Gloria	Mason	gmason6w@omniture.com	gmason6w	Z0n9qUF7a	\N	\N	\N	\N	\N	\N	\N	\N	\N
252	Frances	Stephens	fstephens6x@purevolume.com	fstephens6x	7tZA99r	\N	\N	\N	\N	\N	\N	\N	\N	\N
253	Nicholas	Tucker	ntucker6y@bravesites.com	ntucker6y	32yhSq7dD0a	\N	\N	\N	\N	\N	\N	\N	\N	\N
254	Frank	Hansen	fhansen6z@surveymonkey.com	fhansen6z	T8m7Vr9SnSG	\N	\N	\N	\N	\N	\N	\N	\N	\N
255	Sean	Alexander	salexander70@time.com	salexander70	vgAliVktP	\N	\N	\N	\N	\N	\N	\N	\N	\N
256	Larry	Stevens	lstevens71@blogspot.com	lstevens71	dWTnQ3fl	\N	\N	\N	\N	\N	\N	\N	\N	\N
257	Robin	Lane	rlane72@apache.org	rlane72	5Hrx9sZz7x9	\N	\N	\N	\N	\N	\N	\N	\N	\N
258	Gregory	Robertson	grobertson73@elegantthemes.com	grobertson73	p5WTukvrw	\N	\N	\N	\N	\N	\N	\N	\N	\N
259	Justin	Larson	jlarson74@dmoz.org	jlarson74	fxifuBlm	\N	\N	\N	\N	\N	\N	\N	\N	\N
260	Jose	Perry	jperry75@baidu.com	jperry75	fIWUruR6	\N	\N	\N	\N	\N	\N	\N	\N	\N
261	Kimberly	Shaw	kshaw76@geocities.com	kshaw76	rrN6Y2j	\N	\N	\N	\N	\N	\N	\N	\N	\N
262	Phillip	Howard	phoward77@mysql.com	phoward77	dblSIv	\N	\N	\N	\N	\N	\N	\N	\N	\N
263	Judy	Garrett	jgarrett78@drupal.org	jgarrett78	Q8KzKYTXi	\N	\N	\N	\N	\N	\N	\N	\N	\N
264	Paula	Perez	pperez79@unesco.org	pperez79	4v5ZmLmly8sn	\N	\N	\N	\N	\N	\N	\N	\N	\N
265	Deborah	Robertson	drobertson7a@abc.net.au	drobertson7a	xNe3pbV	\N	\N	\N	\N	\N	\N	\N	\N	\N
266	Ronald	Austin	raustin7b@harvard.edu	raustin7b	UdaeEQh6no	\N	\N	\N	\N	\N	\N	\N	\N	\N
267	Louise	Walker	lwalker7c@oracle.com	lwalker7c	rFJh8ANP	\N	\N	\N	\N	\N	\N	\N	\N	\N
268	Cynthia	Simmons	csimmons7d@yahoo.co.jp	csimmons7d	o5c4SbAOW	\N	\N	\N	\N	\N	\N	\N	\N	\N
269	Walter	Hudson	whudson7e@zimbio.com	whudson7e	Kg7M55gwssP1	\N	\N	\N	\N	\N	\N	\N	\N	\N
270	Larry	Morris	lmorris7f@discovery.com	lmorris7f	bjXt3S	\N	\N	\N	\N	\N	\N	\N	\N	\N
271	Kelly	Schmidt	kschmidt7g@jiathis.com	kschmidt7g	h1GF0Qc	\N	\N	\N	\N	\N	\N	\N	\N	\N
272	Kathleen	Cox	kcox7h@g.co	kcox7h	Lv3qTvaDCfZ	\N	\N	\N	\N	\N	\N	\N	\N	\N
273	Billy	Alexander	balexander7i@about.me	balexander7i	DjnsGlQNT1E8	\N	\N	\N	\N	\N	\N	\N	\N	\N
274	Tammy	Reynolds	treynolds7j@nbcnews.com	treynolds7j	VuW5kh	\N	\N	\N	\N	\N	\N	\N	\N	\N
275	Julie	Duncan	jduncan7k@wunderground.com	jduncan7k	HyIcCD	\N	\N	\N	\N	\N	\N	\N	\N	\N
276	Ronald	Barnes	rbarnes7l@liveinternet.ru	rbarnes7l	Tzf1jIg	\N	\N	\N	\N	\N	\N	\N	\N	\N
277	Lori	Boyd	lboyd7m@gizmodo.com	lboyd7m	wQF86h1	\N	\N	\N	\N	\N	\N	\N	\N	\N
278	Kathleen	Elliott	kelliott7n@imageshack.us	kelliott7n	Jl6fJyUqo	\N	\N	\N	\N	\N	\N	\N	\N	\N
279	Gary	Castillo	gcastillo7o@dell.com	gcastillo7o	8duGiiYcuky	\N	\N	\N	\N	\N	\N	\N	\N	\N
280	Scott	Gonzalez	sgonzalez7p@cbsnews.com	sgonzalez7p	5NRu0p80ONy	\N	\N	\N	\N	\N	\N	\N	\N	\N
281	Jack	Wright	jwright7q@oaic.gov.au	jwright7q	uUy7hRCNp7ie	\N	\N	\N	\N	\N	\N	\N	\N	\N
282	Wanda	Ramos	wramos7r@tinyurl.com	wramos7r	zq5st0	\N	\N	\N	\N	\N	\N	\N	\N	\N
283	Ryan	Ruiz	rruiz7s@dell.com	rruiz7s	h44wQVzeK	\N	\N	\N	\N	\N	\N	\N	\N	\N
284	Alice	Perry	aperry7t@hibu.com	aperry7t	yrP9noWFy7	\N	\N	\N	\N	\N	\N	\N	\N	\N
285	Joseph	Hill	jhill7u@barnesandnoble.com	jhill7u	iUbSiMf31QTa	\N	\N	\N	\N	\N	\N	\N	\N	\N
286	Deborah	Parker	dparker7v@chronoengine.com	dparker7v	e7jnjts	\N	\N	\N	\N	\N	\N	\N	\N	\N
287	Julia	Murray	jmurray7w@taobao.com	jmurray7w	PANpM9x	\N	\N	\N	\N	\N	\N	\N	\N	\N
288	Patrick	Foster	pfoster7x@miibeian.gov.cn	pfoster7x	PbGzJr	\N	\N	\N	\N	\N	\N	\N	\N	\N
289	Harry	Robertson	hrobertson7y@yandex.ru	hrobertson7y	ZXzYmVi2uOoX	\N	\N	\N	\N	\N	\N	\N	\N	\N
290	Jimmy	Porter	jporter7z@nih.gov	jporter7z	dDADSVrnL	\N	\N	\N	\N	\N	\N	\N	\N	\N
291	John	Mcdonald	jmcdonald80@yale.edu	jmcdonald80	e2nWa5dYm3O	\N	\N	\N	\N	\N	\N	\N	\N	\N
292	Justin	Reyes	jreyes81@arizona.edu	jreyes81	4Tg2IFhs	\N	\N	\N	\N	\N	\N	\N	\N	\N
293	Michael	White	mwhite82@1und1.de	mwhite82	Hy1GYaS	\N	\N	\N	\N	\N	\N	\N	\N	\N
294	Cynthia	Martinez	cmartinez83@ca.gov	cmartinez83	wo1et9L5	\N	\N	\N	\N	\N	\N	\N	\N	\N
295	Benjamin	Bradley	bbradley84@yellowpages.com	bbradley84	epneY1U8	\N	\N	\N	\N	\N	\N	\N	\N	\N
296	David	Murphy	dmurphy85@bloglines.com	dmurphy85	yfmFgzd3Yrfa	\N	\N	\N	\N	\N	\N	\N	\N	\N
297	Kimberly	Castillo	kcastillo86@paypal.com	kcastillo86	T8Y5cPP	\N	\N	\N	\N	\N	\N	\N	\N	\N
298	Jennifer	Robinson	jrobinson87@yelp.com	jrobinson87	LOve7fEaZz8H	\N	\N	\N	\N	\N	\N	\N	\N	\N
299	Roy	Parker	rparker88@cnet.com	rparker88	rMSvpcD4525	\N	\N	\N	\N	\N	\N	\N	\N	\N
300	Marie	Miller	mmiller89@europa.eu	mmiller89	bc3nPPfOT	\N	\N	\N	\N	\N	\N	\N	\N	\N
301	Carol	Woods	cwoods8a@sina.com.cn	cwoods8a	rSc4YLzBh	\N	\N	\N	\N	\N	\N	\N	\N	\N
302	Raymond	Schmidt	rschmidt8b@addthis.com	rschmidt8b	fF02vg	\N	\N	\N	\N	\N	\N	\N	\N	\N
303	Frank	Morales	fmorales8c@php.net	fmorales8c	D8aF1pyA	\N	\N	\N	\N	\N	\N	\N	\N	\N
304	Jason	Daniels	jdaniels8d@ovh.net	jdaniels8d	h0gFt9	\N	\N	\N	\N	\N	\N	\N	\N	\N
305	Judy	Fernandez	jfernandez8e@over-blog.com	jfernandez8e	y7yDMxk6l	\N	\N	\N	\N	\N	\N	\N	\N	\N
306	Ronald	Thompson	rthompson8f@phoca.cz	rthompson8f	DqMiCsoLXqj	\N	\N	\N	\N	\N	\N	\N	\N	\N
307	Kathy	Moore	kmoore8g@cyberchimps.com	kmoore8g	Wcqy7O5A	\N	\N	\N	\N	\N	\N	\N	\N	\N
308	Margaret	Alexander	malexander8h@businessweek.com	malexander8h	8shKeJ	\N	\N	\N	\N	\N	\N	\N	\N	\N
309	Eric	Graham	egraham8i@gmpg.org	egraham8i	yDXFq5	\N	\N	\N	\N	\N	\N	\N	\N	\N
310	Angela	Williamson	awilliamson8j@godaddy.com	awilliamson8j	0u5YhP0CFWS	\N	\N	\N	\N	\N	\N	\N	\N	\N
311	Annie	Peters	apeters8k@mashable.com	apeters8k	80dB55O	\N	\N	\N	\N	\N	\N	\N	\N	\N
312	Janet	Walker	jwalker8l@hostgator.com	jwalker8l	p2VMc8	\N	\N	\N	\N	\N	\N	\N	\N	\N
313	Billy	Adams	badams8m@tmall.com	badams8m	TGIsX1Ib	\N	\N	\N	\N	\N	\N	\N	\N	\N
314	Stephen	Carpenter	scarpenter8n@google.co.uk	scarpenter8n	7mcRjdfHEC	\N	\N	\N	\N	\N	\N	\N	\N	\N
315	Nancy	Kelly	nkelly8o@tumblr.com	nkelly8o	c0OnEes5vXvl	\N	\N	\N	\N	\N	\N	\N	\N	\N
316	Elizabeth	Castillo	ecastillo8p@unesco.org	ecastillo8p	fC47QlLj	\N	\N	\N	\N	\N	\N	\N	\N	\N
317	Bonnie	Stewart	bstewart8q@ft.com	bstewart8q	ooNcKsUIad	\N	\N	\N	\N	\N	\N	\N	\N	\N
318	Keith	Sims	ksims8r@yellowbook.com	ksims8r	LelGb8	\N	\N	\N	\N	\N	\N	\N	\N	\N
319	Lois	Taylor	ltaylor8s@si.edu	ltaylor8s	vMIR4Ob	\N	\N	\N	\N	\N	\N	\N	\N	\N
320	Willie	Daniels	wdaniels8t@behance.net	wdaniels8t	4sqmOif	\N	\N	\N	\N	\N	\N	\N	\N	\N
321	Joseph	Butler	jbutler8u@360.cn	jbutler8u	Hkc675	\N	\N	\N	\N	\N	\N	\N	\N	\N
322	Ryan	Mccoy	rmccoy8v@jimdo.com	rmccoy8v	qISsOfQCMjeK	\N	\N	\N	\N	\N	\N	\N	\N	\N
323	Joan	Stevens	jstevens8w@cbc.ca	jstevens8w	uMrRg2LSMj	\N	\N	\N	\N	\N	\N	\N	\N	\N
324	Phyllis	Anderson	panderson8x@sphinn.com	panderson8x	fgQ3lgTHznnd	\N	\N	\N	\N	\N	\N	\N	\N	\N
325	Jeffrey	Turner	jturner8y@nps.gov	jturner8y	ZjXho0l	\N	\N	\N	\N	\N	\N	\N	\N	\N
326	Emily	Lane	elane8z@barnesandnoble.com	elane8z	zW6z8jt	\N	\N	\N	\N	\N	\N	\N	\N	\N
327	Joan	King	jking90@alibaba.com	jking90	WVpgufgH	\N	\N	\N	\N	\N	\N	\N	\N	\N
328	Philip	Walker	pwalker91@wikia.com	pwalker91	4K9MSt	\N	\N	\N	\N	\N	\N	\N	\N	\N
329	Timothy	Cook	tcook92@discovery.com	tcook92	EdDH2ri4o	\N	\N	\N	\N	\N	\N	\N	\N	\N
330	Gloria	Stone	gstone93@geocities.jp	gstone93	qbA0DFQ	\N	\N	\N	\N	\N	\N	\N	\N	\N
331	Amanda	Cunningham	acunningham94@bizjournals.com	acunningham94	Rgv3gdXq8kL	\N	\N	\N	\N	\N	\N	\N	\N	\N
332	Emily	Fernandez	efernandez95@cam.ac.uk	efernandez95	ZjPk2qG8	\N	\N	\N	\N	\N	\N	\N	\N	\N
333	Keith	Wright	kwright96@oaic.gov.au	kwright96	HZ61NaqGaX	\N	\N	\N	\N	\N	\N	\N	\N	\N
334	Donald	Williamson	dwilliamson97@examiner.com	dwilliamson97	KI0UD2n	\N	\N	\N	\N	\N	\N	\N	\N	\N
335	Michelle	Sanchez	msanchez98@walmart.com	msanchez98	X2n92PlM3	\N	\N	\N	\N	\N	\N	\N	\N	\N
336	Jane	Meyer	jmeyer99@sohu.com	jmeyer99	2IvnKy9cd9I	\N	\N	\N	\N	\N	\N	\N	\N	\N
337	Roger	Meyer	rmeyer9a@last.fm	rmeyer9a	r1DNwaKAzWPk	\N	\N	\N	\N	\N	\N	\N	\N	\N
338	Thomas	Pierce	tpierce9b@springer.com	tpierce9b	4RtQS88q	\N	\N	\N	\N	\N	\N	\N	\N	\N
339	Howard	Richards	hrichards9c@constantcontact.com	hrichards9c	HWPZ2uy	\N	\N	\N	\N	\N	\N	\N	\N	\N
340	George	Hudson	ghudson9d@arizona.edu	ghudson9d	CaUESHT	\N	\N	\N	\N	\N	\N	\N	\N	\N
341	Andrew	Flores	aflores9e@amazon.co.uk	aflores9e	nlqB2EDike	\N	\N	\N	\N	\N	\N	\N	\N	\N
342	Nicole	Stanley	nstanley9f@ezinearticles.com	nstanley9f	szDxf7VMMqj	\N	\N	\N	\N	\N	\N	\N	\N	\N
343	Donald	Rose	drose9g@hud.gov	drose9g	NCcPhks9	\N	\N	\N	\N	\N	\N	\N	\N	\N
344	Anne	Roberts	aroberts9h@mac.com	aroberts9h	DoaQOphtzns	\N	\N	\N	\N	\N	\N	\N	\N	\N
345	Jerry	Wells	jwells9i@patch.com	jwells9i	e7602Fvbkc	\N	\N	\N	\N	\N	\N	\N	\N	\N
346	Betty	Robertson	brobertson9j@spiegel.de	brobertson9j	4fI3Riiv2	\N	\N	\N	\N	\N	\N	\N	\N	\N
347	Anthony	Ward	award9k@unblog.fr	award9k	XuFVvSs03Efc	\N	\N	\N	\N	\N	\N	\N	\N	\N
348	Melissa	Garcia	mgarcia9l@abc.net.au	mgarcia9l	syCsI49Bq16e	\N	\N	\N	\N	\N	\N	\N	\N	\N
349	Jesse	Reyes	jreyes9m@miitbeian.gov.cn	jreyes9m	AG5S49B	\N	\N	\N	\N	\N	\N	\N	\N	\N
350	Steven	Snyder	ssnyder9n@themeforest.net	ssnyder9n	0t9e6Nh	\N	\N	\N	\N	\N	\N	\N	\N	\N
351	Katherine	Patterson	kpatterson9o@biblegateway.com	kpatterson9o	vVfMtl	\N	\N	\N	\N	\N	\N	\N	\N	\N
352	Billy	Harvey	bharvey9p@flavors.me	bharvey9p	la1WJ471Ih	\N	\N	\N	\N	\N	\N	\N	\N	\N
\.


--
-- Name: users_id_seq; Type: SEQUENCE SET; Schema: public; Owner: vagrant
--

SELECT pg_catalog.setval('users_id_seq', 352, true);


--
-- Data for Name: uservisits; Type: TABLE DATA; Schema: public; Owner: vagrant
--

COPY uservisits (id, visit_id, user_id, rating) FROM stdin;
1	1	1	2
2	2	1	3.5
3	3	1	3.5
4	4	1	4
5	5	1	2
6	6	1	2
7	7	1	4.5
8	8	1	4
9	9	1	5
10	1	2	\N
11	2	2	\N
12	3	2	\N
13	4	2	\N
14	5	2	\N
15	6	2	\N
16	7	2	\N
17	8	2	\N
18	9	2	\N
19	10	1	4
20	10	2	\N
21	11	1	4
22	11	2	\N
23	12	1	4
24	12	2	\N
25	13	1	4
26	13	2	\N
27	12	1	4
28	12	2	\N
29	15	1	3.5
30	15	2	\N
31	16	1	5
32	16	2	\N
33	17	1	5
34	17	2	\N
35	18	1	3
36	18	2	\N
37	19	1	3.5
38	19	2	\N
39	20	1	4.5
40	20	2	\N
41	21	1	3.5
42	21	2	\N
43	22	1	3.5
44	22	2	\N
45	23	1	1.5
46	23	2	\N
47	24	1	3
48	24	2	\N
49	25	1	3
50	25	2	\N
51	26	1	1
52	26	2	\N
53	27	1	4.5
54	27	2	\N
55	28	1	5
56	28	2	\N
\.


--
-- Name: uservisits_id_seq; Type: SEQUENCE SET; Schema: public; Owner: vagrant
--

SELECT pg_catalog.setval('uservisits_id_seq', 56, true);


--
-- Data for Name: visits; Type: TABLE DATA; Schema: public; Owner: vagrant
--

COPY visits (id, rest_id, date) FROM stdin;
1	4	\N
2	5	\N
3	9	\N
4	11	\N
5	12	\N
6	14	\N
7	15	\N
8	18	\N
9	20	\N
10	23	2016-05-20 00:00:00
11	25	2016-05-05 00:00:00
12	22	2015-05-05 00:00:00
13	26	2015-05-05 00:00:00
14	22	2015-05-05 00:00:00
15	27	2015-05-05 00:00:00
16	28	2015-05-05 00:00:00
17	21	2015-05-05 00:00:00
18	29	2015-05-05 00:00:00
19	30	2013-05-05 00:00:00
20	31	2015-05-05 00:00:00
21	32	2015-05-05 00:00:00
22	33	2013-05-05 00:00:00
23	34	2015-05-05 00:00:00
24	35	2015-05-05 00:00:00
25	36	2015-05-05 00:00:00
26	37	2015-05-05 00:00:00
27	38	2016-11-05 00:00:00
28	21	2016-12-09 00:00:00
\.


--
-- Name: visits_id_seq; Type: SEQUENCE SET; Schema: public; Owner: vagrant
--

SELECT pg_catalog.setval('visits_id_seq', 28, true);


--
-- Name: categories_pkey; Type: CONSTRAINT; Schema: public; Owner: vagrant
--

ALTER TABLE ONLY categories
    ADD CONSTRAINT categories_pkey PRIMARY KEY (id);


--
-- Name: restaurants_pkey; Type: CONSTRAINT; Schema: public; Owner: vagrant
--

ALTER TABLE ONLY restaurants
    ADD CONSTRAINT restaurants_pkey PRIMARY KEY (id);


--
-- Name: users_pkey; Type: CONSTRAINT; Schema: public; Owner: vagrant
--

ALTER TABLE ONLY users
    ADD CONSTRAINT users_pkey PRIMARY KEY (id);


--
-- Name: uservisits_pkey; Type: CONSTRAINT; Schema: public; Owner: vagrant
--

ALTER TABLE ONLY uservisits
    ADD CONSTRAINT uservisits_pkey PRIMARY KEY (id);


--
-- Name: visits_pkey; Type: CONSTRAINT; Schema: public; Owner: vagrant
--

ALTER TABLE ONLY visits
    ADD CONSTRAINT visits_pkey PRIMARY KEY (id);


--
-- Name: categories_rest_id_fkey; Type: FK CONSTRAINT; Schema: public; Owner: vagrant
--

ALTER TABLE ONLY categories
    ADD CONSTRAINT categories_rest_id_fkey FOREIGN KEY (rest_id) REFERENCES restaurants(id);


--
-- Name: uservisits_user_id_fkey; Type: FK CONSTRAINT; Schema: public; Owner: vagrant
--

ALTER TABLE ONLY uservisits
    ADD CONSTRAINT uservisits_user_id_fkey FOREIGN KEY (user_id) REFERENCES users(id);


--
-- Name: uservisits_visit_id_fkey; Type: FK CONSTRAINT; Schema: public; Owner: vagrant
--

ALTER TABLE ONLY uservisits
    ADD CONSTRAINT uservisits_visit_id_fkey FOREIGN KEY (visit_id) REFERENCES visits(id);


--
-- Name: visits_rest_id_fkey; Type: FK CONSTRAINT; Schema: public; Owner: vagrant
--

ALTER TABLE ONLY visits
    ADD CONSTRAINT visits_rest_id_fkey FOREIGN KEY (rest_id) REFERENCES restaurants(id);


--
-- Name: public; Type: ACL; Schema: -; Owner: postgres
--

REVOKE ALL ON SCHEMA public FROM PUBLIC;
REVOKE ALL ON SCHEMA public FROM postgres;
GRANT ALL ON SCHEMA public TO postgres;
GRANT ALL ON SCHEMA public TO PUBLIC;


--
-- PostgreSQL database dump complete
--

